code;name;sector;segment
CSAN;COSAN;PETRÓLEO, GÁS E BIOCOMBUSTÍVEIS;EXPLORAÇÃO, REFINO E DISTRIBUIÇÃO
DMMO;DOMMO;PETRÓLEO, GÁS E BIOCOMBUSTÍVEIS;EXPLORAÇÃO, REFINO E DISTRIBUIÇÃO
ENAT;ENAUTA PART;PETRÓLEO, GÁS E BIOCOMBUSTÍVEIS;EXPLORAÇÃO, REFINO E DISTRIBUIÇÃO
RPMG;PET MANGUINH;PETRÓLEO, GÁS E BIOCOMBUSTÍVEIS;EXPLORAÇÃO, REFINO E DISTRIBUIÇÃO
PETR;PETROBRAS;PETRÓLEO, GÁS E BIOCOMBUSTÍVEIS;EXPLORAÇÃO, REFINO E DISTRIBUIÇÃO
BRDT;PETROBRAS BR;PETRÓLEO, GÁS E BIOCOMBUSTÍVEIS;EXPLORAÇÃO, REFINO E DISTRIBUIÇÃO
PRIO;PETRORIO;PETRÓLEO, GÁS E BIOCOMBUSTÍVEIS;EXPLORAÇÃO, REFINO E DISTRIBUIÇÃO
UGPA;ULTRAPAR;PETRÓLEO, GÁS E BIOCOMBUSTÍVEIS;EXPLORAÇÃO, REFINO E DISTRIBUIÇÃO
LUPA;LUPATECH;PETRÓLEO, GÁS E BIOCOMBUSTÍVEIS;EQUIPAMENTOS E SERVIÇOS
OSXB;OSX BRASIL;PETRÓLEO, GÁS E BIOCOMBUSTÍVEIS;EQUIPAMENTOS E SERVIÇOS
BRAP;BRADESPAR;MATERIAIS BÁSICOS;MINERAIS METÁLICOS
LTEL;LITEL;MATERIAIS BÁSICOS;MINERAIS METÁLICOS
LTLA;LITELA;MATERIAIS BÁSICOS;MINERAIS METÁLICOS
MMXM;MMX MINER;MATERIAIS BÁSICOS;MINERAIS METÁLICOS
VALE;VALE;MATERIAIS BÁSICOS;MINERAIS METÁLICOS
FESA;FERBASA;MATERIAIS BÁSICOS;SIDERURGIA
GGBR;GERDAU;MATERIAIS BÁSICOS;SIDERURGIA
GOAU;GERDAU MET;MATERIAIS BÁSICOS;SIDERURGIA
CSNA;SID NACIONAL;MATERIAIS BÁSICOS;SIDERURGIA
USIM;USIMINAS;MATERIAIS BÁSICOS;SIDERURGIA
MGEL;MANGELS INDL;MATERIAIS BÁSICOS;ARTEFATOS DE FERRO E AÇO
PATI;PANATLANTICA;MATERIAIS BÁSICOS;ARTEFATOS DE FERRO E AÇO
TKNO;TEKNO;MATERIAIS BÁSICOS;ARTEFATOS DE FERRO E AÇO
PMAM;PARANAPANEMA;MATERIAIS BÁSICOS;ARTEFATOS DE COBRE
BRKM;BRASKEM;MATERIAIS BÁSICOS;PETROQUÍMICOS
ELEK;ELEKEIROZ;MATERIAIS BÁSICOS;PETROQUÍMICOS
GPCP;GPC PART;MATERIAIS BÁSICOS;PETROQUÍMICOS
FHER;FER HERINGER;MATERIAIS BÁSICOS;FERTILIZANTES E DEFENSIVOS
NUTR;NUTRIPLANT;MATERIAIS BÁSICOS;FERTILIZANTES E DEFENSIVOS
CRPG;CRISTAL;MATERIAIS BÁSICOS;QUÍMICOS DIVERSOS
UNIP;UNIPAR;MATERIAIS BÁSICOS;QUÍMICOS DIVERSOS
DTEX;DURATEX;MATERIAIS BÁSICOS;MADEIRA
EUCA;EUCATEX;MATERIAIS BÁSICOS;MADEIRA
RANI;IRANI;MATERIAIS BÁSICOS;PAPEL E CELULOSE
KLBN;KLABIN S/A;MATERIAIS BÁSICOS;PAPEL E CELULOSE
MSPA;MELHOR SP;MATERIAIS BÁSICOS;PAPEL E CELULOSE
STTZ;SANTHER;MATERIAIS BÁSICOS;PAPEL E CELULOSE
NEMO;SUZANO HOLD;MATERIAIS BÁSICOS;PAPEL E CELULOSE
SUZB;SUZANO S.A.;MATERIAIS BÁSICOS;PAPEL E CELULOSE
MTIG;METAL IGUACU;MATERIAIS BÁSICOS;EMBALAGENS
SNSY;SANSUY;MATERIAIS BÁSICOS;MATERIAIS DIVERSOS
ETER;ETERNIT;BENS INDUSTRIAIS;PRODUTOS PARA CONSTRUÇÃO
HAGA;HAGA S/A;BENS INDUSTRIAIS;PRODUTOS PARA CONSTRUÇÃO
PTBL;PORTOBELLO;BENS INDUSTRIAIS;PRODUTOS PARA CONSTRUÇÃO
AZEV;AZEVEDO;BENS INDUSTRIAIS;CONSTRUÇÃO PESADA
SOND;SONDOTECNICA;BENS INDUSTRIAIS;ENGENHARIA CONSULTIVA
TCNO;TECNOSOLO;BENS INDUSTRIAIS;ENGENHARIA CONSULTIVA
MILS;MILLS;BENS INDUSTRIAIS;SERVIÇOS DIVERSOS
EMBR;EMBRAER;BENS INDUSTRIAIS;MATERIAL AERONÁUTICO E DE DEFESA
FRAS;FRAS-LE;BENS INDUSTRIAIS;MATERIAL RODOVIÁRIO
POMO;MARCOPOLO;BENS INDUSTRIAIS;MATERIAL RODOVIÁRIO
RAPT;RANDON PART;BENS INDUSTRIAIS;MATERIAL RODOVIÁRIO
RCSL;RECRUSUL;BENS INDUSTRIAIS;MATERIAL RODOVIÁRIO
RSUL;RIOSULENSE;BENS INDUSTRIAIS;MATERIAL RODOVIÁRIO
TUPY;TUPY;BENS INDUSTRIAIS;MATERIAL RODOVIÁRIO
MWET;WETZEL S/A;BENS INDUSTRIAIS;MATERIAL RODOVIÁRIO
SHUL;SCHULZ;BENS INDUSTRIAIS;MOTORES, COMPRESSORES E OUTROS
WEGE;WEG;BENS INDUSTRIAIS;MOTORES, COMPRESSORES E OUTROS
EALT;ACO ALTONA;BENS INDUSTRIAIS;MÁQ. E EQUIP. INDUSTRIAIS
BDLL;BARDELLA;BENS INDUSTRIAIS;MÁQ. E EQUIP. INDUSTRIAIS
ROMI;INDS ROMI;BENS INDUSTRIAIS;MÁQ. E EQUIP. INDUSTRIAIS
INEP;INEPAR;BENS INDUSTRIAIS;MÁQ. E EQUIP. INDUSTRIAIS
KEPL;KEPLER WEBER;BENS INDUSTRIAIS;MÁQ. E EQUIP. INDUSTRIAIS
FRIO;METALFRIO;BENS INDUSTRIAIS;MÁQ. E EQUIP. INDUSTRIAIS
NORD;NORDON MET;BENS INDUSTRIAIS;MÁQ. E EQUIP. INDUSTRIAIS
PTCA;PRATICA;BENS INDUSTRIAIS;MÁQ. E EQUIP. INDUSTRIAIS
MTSA;METISA;BENS INDUSTRIAIS;MÁQ. E EQUIP. CONSTRUÇÃO E AGRÍCOLAS
STTR;STARA;BENS INDUSTRIAIS;MÁQ. E EQUIP. CONSTRUÇÃO E AGRÍCOLAS
TASA;TAURUS ARMAS;BENS INDUSTRIAIS;ARMAS E MUNIÇÕES
AZUL;AZUL;BENS INDUSTRIAIS;TRANSPORTE AÉREO
GOLL;GOL;BENS INDUSTRIAIS;TRANSPORTE AÉREO
FRRN;ALL NORTE;BENS INDUSTRIAIS;TRANSPORTE FERROVIÁRIO
GASC;ALL PAULISTA;BENS INDUSTRIAIS;TRANSPORTE FERROVIÁRIO
RLOG;COSAN LOG;BENS INDUSTRIAIS;TRANSPORTE FERROVIÁRIO
VSPT;FER C ATLANT;BENS INDUSTRIAIS;TRANSPORTE FERROVIÁRIO
MRSA;MRS LOGIST;BENS INDUSTRIAIS;TRANSPORTE FERROVIÁRIO
RAIL;RUMO S.A.;BENS INDUSTRIAIS;TRANSPORTE FERROVIÁRIO
LOGN;LOG-IN;BENS INDUSTRIAIS;TRANSPORTE HIDROVIÁRIO
LUXM;TREVISA;BENS INDUSTRIAIS;TRANSPORTE HIDROVIÁRIO
JSLG;JSL;BENS INDUSTRIAIS;TRANSPORTE RODOVIÁRIO
TGMA;TEGMA;BENS INDUSTRIAIS;TRANSPORTE RODOVIÁRIO
ANHB;AUTOBAN;BENS INDUSTRIAIS;EXPLORAÇÃO DE RODOVIAS
CCRO;CCR SA;BENS INDUSTRIAIS;EXPLORAÇÃO DE RODOVIAS
RPTA;CONC RAPOSO;BENS INDUSTRIAIS;EXPLORAÇÃO DE RODOVIAS
CRTE;CONC RIO TER;BENS INDUSTRIAIS;EXPLORAÇÃO DE RODOVIAS
ERDV;ECON;BENS INDUSTRIAIS;EXPLORAÇÃO DE RODOVIAS
ECNT;ECONORTE;BENS INDUSTRIAIS;EXPLORAÇÃO DE RODOVIAS
ASCP;ECOPISTAS;BENS INDUSTRIAIS;EXPLORAÇÃO DE RODOVIAS
ECOR;ECORODOVIAS;BENS INDUSTRIAIS;EXPLORAÇÃO DE RODOVIAS
ECOV;ECOVIAS;BENS INDUSTRIAIS;EXPLORAÇÃO DE RODOVIAS
COLN;ROD COLINAS;BENS INDUSTRIAIS;EXPLORAÇÃO DE RODOVIAS
RDVT;ROD TIETE;BENS INDUSTRIAIS;EXPLORAÇÃO DE RODOVIAS
CRBD;RT BANDEIRAS;BENS INDUSTRIAIS;EXPLORAÇÃO DE RODOVIAS
TRIA;TRIANGULOSOL;BENS INDUSTRIAIS;EXPLORAÇÃO DE RODOVIAS
TPIS;TRIUNFO PART;BENS INDUSTRIAIS;EXPLORAÇÃO DE RODOVIAS
VOES;VIAOESTE;BENS INDUSTRIAIS;EXPLORAÇÃO DE RODOVIAS
AGRU;GRUAIRPORT;BENS INDUSTRIAIS;SERVIÇOS DE APOIO E ARMAZENAGEM
PSVM;PORTO VM;BENS INDUSTRIAIS;SERVIÇOS DE APOIO E ARMAZENAGEM
IVPR;INVEPAR;BENS INDUSTRIAIS;SERVIÇOS DE APOIO E ARMAZENAGEM
SAIP;SALUS INFRA;BENS INDUSTRIAIS;SERVIÇOS DE APOIO E ARMAZENAGEM
STBP;SANTOS BRP;BENS INDUSTRIAIS;SERVIÇOS DE APOIO E ARMAZENAGEM
WSON;WILSON SONS;BENS INDUSTRIAIS;SERVIÇOS DE APOIO E ARMAZENAGEM
ATMP;ATMASA;BENS INDUSTRIAIS;SERVIÇOS DIVERSOS
BBML;BBMLOGISTICA;BENS INDUSTRIAIS;SERVIÇOS DIVERSOS
CARD;CSU CARDSYST;BENS INDUSTRIAIS;SERVIÇOS DIVERSOS
DTCY;DTCOM-DIRECT;BENS INDUSTRIAIS;SERVIÇOS DIVERSOS
FLEX;FLEX S/A;BENS INDUSTRIAIS;SERVIÇOS DIVERSOS
PRNR;PRINER;BENS INDUSTRIAIS;SERVIÇOS DIVERSOS
VLID;VALID;BENS INDUSTRIAIS;SERVIÇOS DIVERSOS
BTTL;BATTISTELLA;BENS INDUSTRIAIS;MATERIAL DE TRANSPORTE
MMAQ;MINASMAQUINA;BENS INDUSTRIAIS;MATERIAL DE TRANSPORTE
WLMM;WLM IND COM;BENS INDUSTRIAIS;MATERIAL DE TRANSPORTE
APTI;ALIPERTI;CONSUMO NÃO CÍCLICO;AGRICULTURA
AGRO;BRASILAGRO;CONSUMO NÃO CÍCLICO;AGRICULTURA
FRTA;POMIFRUTAS;CONSUMO NÃO CÍCLICO;AGRICULTURA
SLCE;SLC AGRICOLA;CONSUMO NÃO CÍCLICO;AGRICULTURA
TESA;TERRA SANTA;CONSUMO NÃO CÍCLICO;AGRICULTURA
BSEV;BIOSEV;CONSUMO NÃO CÍCLICO;AÇUCAR E ALCOOL
RESA;RAIZEN ENERG;CONSUMO NÃO CÍCLICO;AÇUCAR E ALCOOL
SMTO;SAO MARTINHO;CONSUMO NÃO CÍCLICO;AÇUCAR E ALCOOL
BRFS;BRF SA;CONSUMO NÃO CÍCLICO;CARNES E DERIVADOS
BAUH;EXCELSIOR;CONSUMO NÃO CÍCLICO;CARNES E DERIVADOS
JBSS;JBS;CONSUMO NÃO CÍCLICO;CARNES E DERIVADOS
MRFG;MARFRIG;CONSUMO NÃO CÍCLICO;CARNES E DERIVADOS
BEEF;MINERVA;CONSUMO NÃO CÍCLICO;CARNES E DERIVADOS
MNPR;MINUPAR;CONSUMO NÃO CÍCLICO;CARNES E DERIVADOS
CAML;CAMIL;CONSUMO NÃO CÍCLICO;ALIMENTOS DIVERSOS
JMCD;J.MACEDO;CONSUMO NÃO CÍCLICO;ALIMENTOS DIVERSOS
JOPA;JOSAPAR;CONSUMO NÃO CÍCLICO;ALIMENTOS DIVERSOS
MDIA;M.DIASBRANCO;CONSUMO NÃO CÍCLICO;ALIMENTOS DIVERSOS
ODER;ODERICH;CONSUMO NÃO CÍCLICO;ALIMENTOS DIVERSOS
ABEV;AMBEV S/A;CONSUMO NÃO CÍCLICO;CERVEJAS E REFRIGERANTES
NTCO;GRUPO NATURA;CONSUMO NÃO CÍCLICO;PRODUTOS DE USO PESSOAL
BOBR;BOMBRIL;CONSUMO NÃO CÍCLICO;PRODUTOS DE LIMPEZA
CRFB;CARREFOUR BR;CONSUMO NÃO CÍCLICO;ALIMENTOS
PCAR;P.ACUCAR-CBD;CONSUMO NÃO CÍCLICO;ALIMENTOS
CALI;CONST A LIND;CONSUMO CÍCLICO;INCORPORAÇÕES
CRDE;CR2;CONSUMO CÍCLICO;INCORPORAÇÕES
CYRE;CYRELA REALT;CONSUMO CÍCLICO;INCORPORAÇÕES
DIRR;DIRECIONAL;CONSUMO CÍCLICO;INCORPORAÇÕES
EVEN;EVEN;CONSUMO CÍCLICO;INCORPORAÇÕES
EZTC;EZTEC;CONSUMO CÍCLICO;INCORPORAÇÕES
GFSA;GAFISA;CONSUMO CÍCLICO;INCORPORAÇÕES
HBOR;HELBOR;CONSUMO CÍCLICO;INCORPORAÇÕES
INNT;INTER SA;CONSUMO CÍCLICO;INCORPORAÇÕES
JHSF;JHSF PART;CONSUMO CÍCLICO;INCORPORAÇÕES
JFEN;JOAO FORTES;CONSUMO CÍCLICO;INCORPORAÇÕES
MTRE;MITRE REALTY;CONSUMO CÍCLICO;INCORPORAÇÕES
MDNE;MOURA DUBEUX;CONSUMO CÍCLICO;INCORPORAÇÕES
MRVE;MRV;CONSUMO CÍCLICO;INCORPORAÇÕES
PDGR;PDG REALT;CONSUMO CÍCLICO;INCORPORAÇÕES
RDNI;RNI;CONSUMO CÍCLICO;INCORPORAÇÕES
RSID;ROSSI RESID;CONSUMO CÍCLICO;INCORPORAÇÕES
TCSA;TECNISA;CONSUMO CÍCLICO;INCORPORAÇÕES
TEND;TENDA;CONSUMO CÍCLICO;INCORPORAÇÕES
TRIS;TRISUL;CONSUMO CÍCLICO;INCORPORAÇÕES
VIVR;VIVER;CONSUMO CÍCLICO;INCORPORAÇÕES
CEDO;CEDRO;CONSUMO CÍCLICO;FIOS E TECIDOS
CTNM;COTEMINAS;CONSUMO CÍCLICO;FIOS E TECIDOS
DOHL;DOHLER;CONSUMO CÍCLICO;FIOS E TECIDOS
ECPR;ENCORPAR;CONSUMO CÍCLICO;FIOS E TECIDOS
CATA;IND CATAGUAS;CONSUMO CÍCLICO;FIOS E TECIDOS
CTKA;KARSTEN;CONSUMO CÍCLICO;FIOS E TECIDOS
PTNT;PETTENATI;CONSUMO CÍCLICO;FIOS E TECIDOS
CTSA;SANTANENSE;CONSUMO CÍCLICO;FIOS E TECIDOS
SGPS;SPRINGS;CONSUMO CÍCLICO;FIOS E TECIDOS
TEKA;TEKA;CONSUMO CÍCLICO;FIOS E TECIDOS
TXRX;TEX RENAUX;CONSUMO CÍCLICO;FIOS E TECIDOS
HGTX;CIA HERING;CONSUMO CÍCLICO;VESTUÁRIO
ALPA;ALPARGATAS;CONSUMO CÍCLICO;CALÇADOS
CAMB;CAMBUCI;CONSUMO CÍCLICO;CALÇADOS
GRND;GRENDENE;CONSUMO CÍCLICO;CALÇADOS
VULC;VULCABRAS;CONSUMO CÍCLICO;CALÇADOS
MNDL;MUNDIAL;CONSUMO CÍCLICO;ACESSÓRIOS
TECN;TECHNOS;CONSUMO CÍCLICO;ACESSÓRIOS
VIVA;VIVARA S.A.;CONSUMO CÍCLICO;ACESSÓRIOS
WHRL;WHIRLPOOL;CONSUMO CÍCLICO;ELETRODOMÉSTICOS
UCAS;UNICASA;CONSUMO CÍCLICO;MÓVEIS
HETA;HERCULES;CONSUMO CÍCLICO;UTENSÍLIOS DOMÉSTICOS
MYPK;IOCHP-MAXION;CONSUMO CÍCLICO;AUTOMÓVEIS E MOTOCICLETAS
LEVE;METAL LEVE;CONSUMO CÍCLICO;AUTOMÓVEIS E MOTOCICLETAS
PLAS;PLASCAR PART;CONSUMO CÍCLICO;AUTOMÓVEIS E MOTOCICLETAS
HOOT;HOTEIS OTHON;CONSUMO CÍCLICO;HOTELARIA
BKBR;BK BRASIL;CONSUMO CÍCLICO;RESTAURANTE E SIMILARES
MEAL;IMC S/A;CONSUMO CÍCLICO;RESTAURANTE E SIMILARES
BMKS;BIC MONARK;CONSUMO CÍCLICO;BICICLETAS
ESTR;ESTRELA;CONSUMO CÍCLICO;BRINQUEDOS E JOGOS
AHEB;SPTURIS;CONSUMO CÍCLICO;PRODUÇÃO DE EVENTOS E SHOWS
SHOW;TIME FOR FUN;CONSUMO CÍCLICO;PRODUÇÃO DE EVENTOS E SHOWS
CVCB;CVC BRASIL;CONSUMO CÍCLICO;VIAGENS E TURISMO
SMFT;SMART FIT;CONSUMO CÍCLICO;ATIVIDADES ESPORTIVAS
ANIM;ANIMA;CONSUMO CÍCLICO;SERVIÇOS EDUCACIONAIS
BAHI;BAHEMA;CONSUMO CÍCLICO;SERVIÇOS EDUCACIONAIS
COGN;COGNA ON;CONSUMO CÍCLICO;SERVIÇOS EDUCACIONAIS
SEER;SER EDUCA;CONSUMO CÍCLICO;SERVIÇOS EDUCACIONAIS
YDUQ;YDUQS PART;CONSUMO CÍCLICO;SERVIÇOS EDUCACIONAIS
RENT;LOCALIZA;CONSUMO CÍCLICO;ALUGUEL DE CARROS
LCAM;LOCAMERICA;CONSUMO CÍCLICO;ALUGUEL DE CARROS
MSRO;MAESTROLOC;CONSUMO CÍCLICO;ALUGUEL DE CARROS
MOVI;MOVIDA;CONSUMO CÍCLICO;ALUGUEL DE CARROS
UNID;UNIDAS;CONSUMO CÍCLICO;ALUGUEL DE CARROS
SMLS;SMILES;CONSUMO CÍCLICO;PROGRAMAS DE FIDELIZAÇÃO
ARZZ;AREZZO CO;CONSUMO CÍCLICO;TECIDOS, VESTUÁRIO E CALÇADOS
CEAB;CEA MODAS;CONSUMO CÍCLICO;TECIDOS, VESTUÁRIO E CALÇADOS
CGRA;GRAZZIOTIN;CONSUMO CÍCLICO;TECIDOS, VESTUÁRIO E CALÇADOS
GUAR;GUARARAPES;CONSUMO CÍCLICO;TECIDOS, VESTUÁRIO E CALÇADOS
LLIS;LE LIS BLANC;CONSUMO CÍCLICO;TECIDOS, VESTUÁRIO E CALÇADOS
AMAR;LOJAS MARISA;CONSUMO CÍCLICO;TECIDOS, VESTUÁRIO E CALÇADOS
LREN;LOJAS RENNER;CONSUMO CÍCLICO;TECIDOS, VESTUÁRIO E CALÇADOS
MGLU;MAGAZ LUIZA;CONSUMO CÍCLICO;ELETRODOMÉSTICOS
VVAR;VIAVAREJO;CONSUMO CÍCLICO;ELETRODOMÉSTICOS
BTOW;B2W DIGITAL;CONSUMO CÍCLICO;PRODUTOS DIVERSOS
CNTO;CENTAURO;CONSUMO CÍCLICO;PRODUTOS DIVERSOS
LAME;LOJAS AMERIC;CONSUMO CÍCLICO;PRODUTOS DIVERSOS
SLED;SARAIVA LIVR;CONSUMO CÍCLICO;PRODUTOS DIVERSOS
BIOM;BIOMM;SAÚDE;MEDICAMENTOS E OUTROS PRODUTOS
GBIO;BIOTOSCANA;SAÚDE;MEDICAMENTOS E OUTROS PRODUTOS
NRTQ;NORTCQUIMICA;SAÚDE;MEDICAMENTOS E OUTROS PRODUTOS
OFSA;OUROFINO S/A;SAÚDE;MEDICAMENTOS E OUTROS PRODUTOS
ADHM;ADVANCED-DH;SAÚDE;SERVIÇOS MÉDICO - HOSPITALARES, ANÁLISES E DIAGNÓSTICOS
AALR;ALLIAR;SAÚDE;SERVIÇOS MÉDICO - HOSPITALARES, ANÁLISES E DIAGNÓSTICOS
DASA;DASA;SAÚDE;SERVIÇOS MÉDICO - HOSPITALARES, ANÁLISES E DIAGNÓSTICOS
FLRY;FLEURY;SAÚDE;SERVIÇOS MÉDICO - HOSPITALARES, ANÁLISES E DIAGNÓSTICOS
HAPV;HAPVIDA;SAÚDE;SERVIÇOS MÉDICO - HOSPITALARES, ANÁLISES E DIAGNÓSTICOS
PARD;IHPARDINI;SAÚDE;SERVIÇOS MÉDICO - HOSPITALARES, ANÁLISES E DIAGNÓSTICOS
GNDI;INTERMEDICA;SAÚDE;SERVIÇOS MÉDICO - HOSPITALARES, ANÁLISES E DIAGNÓSTICOS
ODPV;ODONTOPREV;SAÚDE;SERVIÇOS MÉDICO - HOSPITALARES, ANÁLISES E DIAGNÓSTICOS
QUAL;QUALICORP;SAÚDE;SERVIÇOS MÉDICO - HOSPITALARES, ANÁLISES E DIAGNÓSTICOS
BALM;BAUMER;SAÚDE;EQUIPAMENTOS
LMED;LIFEMED;SAÚDE;EQUIPAMENTOS
PNVL;DIMED;SAÚDE;MEDICAMENTOS E OUTROS PRODUTOS
HYPE;HYPERA;SAÚDE;MEDICAMENTOS E OUTROS PRODUTOS
PFRM;PROFARMA;SAÚDE;MEDICAMENTOS E OUTROS PRODUTOS
RADL;RAIADROGASIL;SAÚDE;MEDICAMENTOS E OUTROS PRODUTOS
POSI;POSITIVO TEC;TECNOLOGIA DA INFORMAÇÃO;COMPUTADORES E EQUIPAMENTOS
BRQB;BRQ;TECNOLOGIA DA INFORMAÇÃO;PROGRAMAS E SERVIÇOS
LINX;LINX;TECNOLOGIA DA INFORMAÇÃO;PROGRAMAS E SERVIÇOS
LWSA;LOCAWEB;TECNOLOGIA DA INFORMAÇÃO;PROGRAMAS E SERVIÇOS
QUSW;QUALITY SOFT;TECNOLOGIA DA INFORMAÇÃO;PROGRAMAS E SERVIÇOS
SQIA;SINQIA;TECNOLOGIA DA INFORMAÇÃO;PROGRAMAS E SERVIÇOS
TOTS;TOTVS;TECNOLOGIA DA INFORMAÇÃO;PROGRAMAS E SERVIÇOS
ALGT;ALGAR TELEC;COMUNICAÇÕES;TELECOMUNICAÇÕES
OIBR;OI;COMUNICAÇÕES;TELECOMUNICAÇÕES
TELB;TELEBRAS;COMUNICAÇÕES;TELECOMUNICAÇÕES
VIVT;TELEF BRASIL;COMUNICAÇÕES;TELECOMUNICAÇÕES
TIMP;TIM PART S/A;COMUNICAÇÕES;TELECOMUNICAÇÕES
CNSY;CINESYSTEM;COMUNICAÇÕES;PRODUÇÃO E DIFUSÃO DE FILMES E PROGRAMAS
AESL;AES SUL;UTILIDADE PÚBLICA;ENERGIA ELÉTRICA
TIET;AES TIETE E;UTILIDADE PÚBLICA;ENERGIA ELÉTRICA
AFLT;AFLUENTE T;UTILIDADE PÚBLICA;ENERGIA ELÉTRICA
ALUP;ALUPAR;UTILIDADE PÚBLICA;ENERGIA ELÉTRICA
CBEE;AMPLA ENERG;UTILIDADE PÚBLICA;ENERGIA ELÉTRICA
CPTE;CACHOEIRA;UTILIDADE PÚBLICA;ENERGIA ELÉTRICA
CEBR;CEB;UTILIDADE PÚBLICA;ENERGIA ELÉTRICA
CEED;CEEE-D;UTILIDADE PÚBLICA;ENERGIA ELÉTRICA
EEEL;CEEE-GT;UTILIDADE PÚBLICA;ENERGIA ELÉTRICA
CLSC;CELESC;UTILIDADE PÚBLICA;ENERGIA ELÉTRICA
GPAR;CELGPAR;UTILIDADE PÚBLICA;ENERGIA ELÉTRICA
CEPE;CELPE;UTILIDADE PÚBLICA;ENERGIA ELÉTRICA
CMIG;CEMIG;UTILIDADE PÚBLICA;ENERGIA ELÉTRICA
CMGD;CEMIG DIST;UTILIDADE PÚBLICA;ENERGIA ELÉTRICA
CMGT;CEMIG GT;UTILIDADE PÚBLICA;ENERGIA ELÉTRICA
CESP;CESP;UTILIDADE PÚBLICA;ENERGIA ELÉTRICA
CEEB;COELBA;UTILIDADE PÚBLICA;ENERGIA ELÉTRICA
COCE;COELCE;UTILIDADE PÚBLICA;ENERGIA ELÉTRICA
CPLE;COPEL;UTILIDADE PÚBLICA;ENERGIA ELÉTRICA
CSRN;COSERN;UTILIDADE PÚBLICA;ENERGIA ELÉTRICA
CPFE;CPFL ENERGIA;UTILIDADE PÚBLICA;ENERGIA ELÉTRICA
CPFG;CPFL GERACAO;UTILIDADE PÚBLICA;ENERGIA ELÉTRICA
CPFP;CPFL PIRATIN;UTILIDADE PÚBLICA;ENERGIA ELÉTRICA
CPRE;CPFL RENOVAV;UTILIDADE PÚBLICA;ENERGIA ELÉTRICA
EBEN;EBE;UTILIDADE PÚBLICA;ENERGIA ELÉTRICA
EKTR;ELEKTRO;UTILIDADE PÚBLICA;ENERGIA ELÉTRICA
ELET;ELETROBRAS;UTILIDADE PÚBLICA;ENERGIA ELÉTRICA
LIPR;ELETROPAR;UTILIDADE PÚBLICA;ENERGIA ELÉTRICA
EMAE;EMAE;UTILIDADE PÚBLICA;ENERGIA ELÉTRICA
ENBR;ENERGIAS BR;UTILIDADE PÚBLICA;ENERGIA ELÉTRICA
ENGI;ENERGISA;UTILIDADE PÚBLICA;ENERGIA ELÉTRICA
ENMT;ENERGISA MT;UTILIDADE PÚBLICA;ENERGIA ELÉTRICA
ENER;ENERSUL;UTILIDADE PÚBLICA;ENERGIA ELÉTRICA
ENEV;ENEVA;UTILIDADE PÚBLICA;ENERGIA ELÉTRICA
EGIE;ENGIE BRASIL;UTILIDADE PÚBLICA;ENERGIA ELÉTRICA
EQPA;EQTL PARA;UTILIDADE PÚBLICA;ENERGIA ELÉTRICA
EQMA;EQTLMARANHAO;UTILIDADE PÚBLICA;ENERGIA ELÉTRICA
EQTL;EQUATORIAL;UTILIDADE PÚBLICA;ENERGIA ELÉTRICA
ESCE;ESCELSA;UTILIDADE PÚBLICA;ENERGIA ELÉTRICA
FGEN;FGENERGIA;UTILIDADE PÚBLICA;ENERGIA ELÉTRICA
GEPA;GER PARANAP;UTILIDADE PÚBLICA;ENERGIA ELÉTRICA
ITPB;ITAPEBI;UTILIDADE PÚBLICA;ENERGIA ELÉTRICA
LIGH;LIGHT;UTILIDADE PÚBLICA;ENERGIA ELÉTRICA
LIGT;LIGHT S/A;UTILIDADE PÚBLICA;ENERGIA ELÉTRICA
NEOE;NEOENERGIA;UTILIDADE PÚBLICA;ENERGIA ELÉTRICA
OMGE;OMEGA GER;UTILIDADE PÚBLICA;ENERGIA ELÉTRICA
PALF;PAUL F LUZ;UTILIDADE PÚBLICA;ENERGIA ELÉTRICA
PRMN;PROMAN;UTILIDADE PÚBLICA;ENERGIA ELÉTRICA
REDE;REDE ENERGIA;UTILIDADE PÚBLICA;ENERGIA ELÉTRICA
RNEW;RENOVA;UTILIDADE PÚBLICA;ENERGIA ELÉTRICA
STKF;STATKRAFT;UTILIDADE PÚBLICA;ENERGIA ELÉTRICA
STEN;STO ANTONIO;UTILIDADE PÚBLICA;ENERGIA ELÉTRICA
TAEE;TAESA;UTILIDADE PÚBLICA;ENERGIA ELÉTRICA
TMPE;TERMOPE;UTILIDADE PÚBLICA;ENERGIA ELÉTRICA
TEPE;TERM. PE III;UTILIDADE PÚBLICA;ENERGIA ELÉTRICA
TRPL;TRAN PAULIST;UTILIDADE PÚBLICA;ENERGIA ELÉTRICA
UPKP;UPTICK;UTILIDADE PÚBLICA;ENERGIA ELÉTRICA
CASN;CASAN;UTILIDADE PÚBLICA;ÁGUA E SANEAMENTO
CSMG;COPASA;UTILIDADE PÚBLICA;ÁGUA E SANEAMENTO
IGSN;IGUA SA;UTILIDADE PÚBLICA;ÁGUA E SANEAMENTO
SBSP;SABESP;UTILIDADE PÚBLICA;ÁGUA E SANEAMENTO
SAPR;SANEPAR;UTILIDADE PÚBLICA;ÁGUA E SANEAMENTO
SNST;SANESALTO;UTILIDADE PÚBLICA;ÁGUA E SANEAMENTO
CEGR;CEG;UTILIDADE PÚBLICA;GÁS
CGAS;COMGAS;UTILIDADE PÚBLICA;GÁS
ABCB;ABC BRASIL;FINANCEIRO;BANCOS
RPAD;ALFA HOLDING;FINANCEIRO;BANCOS
BRIV;ALFA INVEST;FINANCEIRO;BANCOS
BAZA;AMAZONIA;FINANCEIRO;BANCOS
BMGB;BANCO BMG;FINANCEIRO;BANCOS
BIDI;BANCO INTER;FINANCEIRO;BANCOS
BPAN;BANCO PAN;FINANCEIRO;BANCOS
BGIP;BANESE;FINANCEIRO;BANCOS
BEES;BANESTES;FINANCEIRO;BANCOS
BPAR;BANPARA;FINANCEIRO;BANCOS
BRSR;BANRISUL;FINANCEIRO;BANCOS
BBDC;BRADESCO;FINANCEIRO;BANCOS
BBAS;BRASIL;FINANCEIRO;BANCOS
BSLI;BRB BANCO;FINANCEIRO;BANCOS
BPAC;BTGP BANCO;FINANCEIRO;BANCOS
IDVL;INDUSVAL;FINANCEIRO;BANCOS
ITSA;ITAUSA;FINANCEIRO;BANCOS
ITUB;ITAUUNIBANCO;FINANCEIRO;BANCOS
BMEB;MERC BRASIL;FINANCEIRO;BANCOS
BMIN;MERC INVEST;FINANCEIRO;BANCOS
BNBR;NORD BRASIL;FINANCEIRO;BANCOS
PRBC;PARANA;FINANCEIRO;BANCOS
PINE;PINE;FINANCEIRO;BANCOS
SANB;SANTANDER BR;FINANCEIRO;BANCOS
CRIV;ALFA FINANC;FINANCEIRO;SOC. CRÉDITO E FINANCIAMENTO
FNCN;FINANSINOS;FINANCEIRO;SOC. CRÉDITO E FINANCIAMENTO
MERC;MERC FINANC;FINANCEIRO;SOC. CRÉDITO E FINANCIAMENTO
BDLS;BRADESCO LSG;FINANCEIRO;SOC. ARRENDAMENTO MERCANTIL
BVLS;BV LEASING;FINANCEIRO;SOC. ARRENDAMENTO MERCANTIL
DBEN;DIBENS LSG;FINANCEIRO;SOC. ARRENDAMENTO MERCANTIL
BZRS;BRAZIL REALT;FINANCEIRO;SECURITIZADORAS DE RECEBÍVEIS
BSCS;BRAZILIAN SC;FINANCEIRO;SECURITIZADORAS DE RECEBÍVEIS
BRCS;BRC SECURIT;FINANCEIRO;SECURITIZADORAS DE RECEBÍVEIS
WTVR;BRPR 56 SEC;FINANCEIRO;SECURITIZADORAS DE RECEBÍVEIS
CBSC;CIBRASEC;FINANCEIRO;SECURITIZADORAS DE RECEBÍVEIS
ECOA;ECO SEC AGRO;FINANCEIRO;SECURITIZADORAS DE RECEBÍVEIS
GAFL;GAIA AGRO;FINANCEIRO;SECURITIZADORAS DE RECEBÍVEIS
GAIA;GAIA SECURIT;FINANCEIRO;SECURITIZADORAS DE RECEBÍVEIS
OCTS;OCTANTE SEC;FINANCEIRO;SECURITIZADORAS DE RECEBÍVEIS
PDGS;PDG SECURIT;FINANCEIRO;SECURITIZADORAS DE RECEBÍVEIS
PLSC;POLO CAP SEC;FINANCEIRO;SECURITIZADORAS DE RECEBÍVEIS
RBRA;RBCAPITALRES;FINANCEIRO;SECURITIZADORAS DE RECEBÍVEIS
APCS;TRUESEC;FINANCEIRO;SECURITIZADORAS DE RECEBÍVEIS
VERT;VERTCIASEC;FINANCEIRO;SECURITIZADORAS DE RECEBÍVEIS
WTPI;WTORRE PIC;FINANCEIRO;SECURITIZADORAS DE RECEBÍVEIS
BNDP;BNDESPAR;FINANCEIRO;GESTÃO DE RECURSOS E INVESTIMENTOS
BFRE;BRAZILIAN FR;FINANCEIRO;GESTÃO DE RECURSOS E INVESTIMENTOS
GPIV;GP INVEST;FINANCEIRO;GESTÃO DE RECURSOS E INVESTIMENTOS
IDNT;IDEIASNET;FINANCEIRO;GESTÃO DE RECURSOS E INVESTIMENTOS
PPLA;PPLA;FINANCEIRO;GESTÃO DE RECURSOS E INVESTIMENTOS
B3SA;B3;FINANCEIRO;SERVIÇOS FINANCEIROS DIVERSOS
CIEL;CIELO;FINANCEIRO;SERVIÇOS FINANCEIROS DIVERSOS
BRGE;ALFA CONSORC;FINANCEIRO;SEGURADORAS
BBSE;BBSEGURIDADE;FINANCEIRO;SEGURADORAS
IRBR;IRBBRASIL RE;FINANCEIRO;SEGURADORAS
PSSA;PORTO SEGURO;FINANCEIRO;SEGURADORAS
CSAB;SEG AL BAHIA;FINANCEIRO;SEGURADORAS
SULA;SUL AMERICA;FINANCEIRO;SEGURADORAS
APER;ALPER S.A.;FINANCEIRO;CORRETORAS DE SEGUROS
WIZS;WIZ S.A.;FINANCEIRO;CORRETORAS DE SEGUROS
ALSO;ALIANSCSONAE;FINANCEIRO;EXPLORAÇÃO DE IMÓVEIS
BRML;BR MALLS PAR;FINANCEIRO;EXPLORAÇÃO DE IMÓVEIS
BRPR;BR PROPERT;FINANCEIRO;EXPLORAÇÃO DE IMÓVEIS
CORR;COR RIBEIRO;FINANCEIRO;EXPLORAÇÃO DE IMÓVEIS
CCPR;CYRE COM-CCP;FINANCEIRO;EXPLORAÇÃO DE IMÓVEIS
GSHP;GENERALSHOPP;FINANCEIRO;EXPLORAÇÃO DE IMÓVEIS
HBTS;HABITASUL;FINANCEIRO;EXPLORAÇÃO DE IMÓVEIS
IGBR;IGB S/A;FINANCEIRO;EXPLORAÇÃO DE IMÓVEIS
IGTA;IGUATEMI;FINANCEIRO;EXPLORAÇÃO DE IMÓVEIS
JPSA;JEREISSATI;FINANCEIRO;EXPLORAÇÃO DE IMÓVEIS
LOGG;LOG COM PROP;FINANCEIRO;EXPLORAÇÃO DE IMÓVEIS
MNZC;MENEZES CORT;FINANCEIRO;EXPLORAÇÃO DE IMÓVEIS
MULT;MULTIPLAN;FINANCEIRO;EXPLORAÇÃO DE IMÓVEIS
SCAR;SAO CARLOS;FINANCEIRO;EXPLORAÇÃO DE IMÓVEIS
BBRK;BR BROKERS;FINANCEIRO;INTERMEDIAÇÃO IMOBILIÁRIA
LPSB;LOPES BRASIL;FINANCEIRO;INTERMEDIAÇÃO IMOBILIÁRIA
MOAR;MONT ARANHA;FINANCEIRO;HOLDINGS DIVERSIFICADAS
PEAB;PAR AL BAHIA;FINANCEIRO;HOLDINGS DIVERSIFICADAS
SPRI;SPRINGER;FINANCEIRO;HOLDINGS DIVERSIFICADAS
CTBA;CEPAC - CTBA;FINANCEIRO;OUTROS TÍTULOS
MCRJ;CEPAC - MCRJ;FINANCEIRO;OUTROS TÍTULOS
PMSP;CEPAC - PMSP;FINANCEIRO;OUTROS TÍTULOS
QVQP;524 PARTICIP;OUTROS;OUTROS
ALEF;ALEF S/A;OUTROS;OUTROS
ATOM;ATOMPAR;OUTROS;OUTROS
BETP;BETAPART;OUTROS;OUTROS
CABI;CABINDA PART;OUTROS;OUTROS
CACO;CACONDE PART;OUTROS;OUTROS
CPTP;CAPITALPART;OUTROS;OUTROS
MAPT;CEMEPE;OUTROS;OUTROS
CMSA;CIMS;OUTROS;OUTROS
OPGM;GAMA PART;OUTROS;OUTROS
FIGE;INVEST BEMGE;OUTROS;OUTROS
JBDU;J B DUARTE;OUTROS;OUTROS
SPRT;LONGDIS;OUTROS;OUTROS
MGIP;MGI PARTICIP;OUTROS;OUTROS
OPHE;OPPORT ENERG;OUTROS;OUTROS
PPAR;POLPAR;OUTROS;OUTROS
PRPT;PROMPT PART;OUTROS;OUTROS
SLCT;SELECTPART;OUTROS;OUTROS
OPSE;SUDESTE S/A;OUTROS;OUTROS
OPTS;SUL 116 PART;OUTROS;OUTROS
RRRP;3R PETROLEUM;PETRÓLEO. GÁS E BIOCOMBUSTÍVEIS;EXPLORAÇÃO. REFINO E DISTRIBUIÇÃO
AERI;AERIS;BENS INDUSTRIAIS;MÁQ. E EQUIP. INDUSTRIAIS
ALLD;ALLIED;CONSUMO CÍCLICO;ELETRODOMÉSTICOS
ALPK;ESTAPAR;BENS INDUSTRIAIS;SERVIÇOS DIVERSOS
AVLL;ALPHAVILLE;CONSUMO CÍCLICO;INCORPORAÇÕES
AMBP;AMBIPAR;UTILIDADE PÚBLICA;ÁGUA E SANEAMENTO
AURA;AURA 360;MATERIAIS BÁSICOS;MINERAIS METÁLICOS
BOAS;BOA VISTA;FINANCEIRO;SERVIÇOS FINANCEIROS DIVERSOS
CURY;CURY S/A;CONSUMO CÍCLICO;INCORPORAÇÕES
DMVF;D1000VFARMA;SAÚDE;MEDICAMENTOS E OUTROS PRODUTOS
ENJU;ENJOEI;TECNOLOGIA DA INFORMAÇÃO;PROGRAMAS E SERVIÇOS
SOMA;GRUPO SOMA;CONSUMO CÍCLICO;TECIDOS, VESTUÁRIO E CALÇADOS
GMAT;GRUPO MATEUS;CONSUMO NÃO CÍCLICO;ALIMENTOS
HBRE;HBR REALTY;FINANCEIRO;EXPLORAÇÃO DE IMÓVEIS
LAVV;LAVVI;CONSUMO CÍCLICO;INCORPORAÇÕES
LJQQ;QUERO-QUERO;CONSUMO CÍCLICO;PRODUTOS DIVERSOS
CASH;MELIUZ;TECNOLOGIA DA INFORMAÇÃO;PROGRAMAS E SERVIÇOS
MELK;MELNICK;CONSUMO CÍCLICO;INCORPORAÇÕES
NGRD;NEOGRID;TECNOLOGIA DA INFORMAÇÃO;PROGRAMAS E SERVIÇOS
PETZ;PETZ;CONSUMO CÍCLICO;PRODUTOS DIVERSOS
PLPL;PLANOEPLANO;CONSUMO CÍCLICO;INCORPORAÇÕES
RDOR;REDE D OR;SAÚDE;SERVIÇOS MÉDICO - HOSPITALARES, ANÁLISES E DIAGNÓSTICOS
ASAI;ASSAI;CONSUMO NÃO CÍCLICO;ALIMENTOS
SEQL;SEQUOIA LOG;BENS INDUSTRIAIS;SERVIÇOS DIVERSOS
SIMH;SIMPAR;FINANCEIRO;HOLDINGS DIVERSIFICADAS
TIMS;TIM;COMUNICAÇÕES;TELECOMUNICAÇÕES
TFCO;TRACK FIELD;CONSUMO CÍCLICO;VESTUÁRIO
CSED;CRUZEIRO EDU;CONSUMO CÍCLICO;SERVIÇOS EDUCACIONAIS
CMIN;CSNMINERACAO;MATERIAIS BÁSICOS;MINERAIS METÁLICOS
DESK;DESKTOP;COMUNICAÇÕES;TELECOMUNICAÇÕES
DOTZ;DOTZ SA;CONSUMO CÍCLICO;PROGRAMAS DE FIDELIZAÇÃO
ELMD;ELETROMIDIA;COMUNICAÇÕES;PUBLICIDADE E PROPAGANDA
POWE;FOCUS ON;UTILIDADE PÚBLICA;ENERGIA ELÉTRICA
G2DI;G2D INVEST;FINANCEIRO;GESTÃO DE RECURSOS E INVESTIMENTOS
NINJ;GETNINJAS;TECNOLOGIA DA INFORMAÇÃO;PROGRAMAS E SERVIÇOS
GGPS;GPS;BENS INDUSTRIAIS;SERVIÇOS DIVERSOS
MATD;MATER DEI;SAÚDE;SERVIÇOS MÉDICO - HOSPITALARES, ANÁLISES E DIAGNÓSTICOS
AESB;AES BRASIL;UTILIDADE PÚBLICA;ENERGIA ELÉTRICA
AGXY;AGROGALAXY;CONSUMO NÃO CÍCLICO;AGRICULTURA
ARML;ARMAC;CONSUMO CÍCLICO;ALUGUEL DE CARROS
MODL;MODALMAIS;FINANCEIRO;BANCOS
BMOB;BEMOBI TECH;TECNOLOGIA DA INFORMAÇÃO;PROGRAMAS E SERVIÇOS
SOJA;BOA SAFRA;CONSUMO CÍCLICO;AGRICULTURA
BRBI;BR PARTNERS;FINANCEIRO;BANCOS
BRIT;BRISANET;COMUNICAÇÕES;TELECOMUNICAÇÕES
CLSA;CLEARSALE;FINANCEIRO;SERVIÇOS FINANCEIROS DIVERSOS
CBAV;CBA;MATERIAIS BÁSICOS;MINERAIS METÁLICOS
GRAO;AGRIBRASIL;CONSUMO NÃO CÍCLICO;AGRICULTURA
IFCM;INFRACOMM;TECNOLOGIA DA INFORMAÇÃO;PROGRAMAS E SERVIÇOS
INTB;INTELBRAS;TECNOLOGIA DA INFORMAÇÃO;COMPUTADORES E EQUIPAMENTOS
JALL;JALLESMACHAD;CONSUMO NÃO CÍCLICO;AÇUCAR E ALCOOL
KLAS;KALLAS;CONSUMO CÍCLICO;INCORPORAÇÕES
KRSA;KORA SAUDE;SAÚDE;SERVIÇOS MÉDICO - HOSPITALARES, ANÁLISES E DIAGNÓSTICOS
LVTC;WDC NETWORKS;TECNOLOGIA DA INFORMAÇÃO;PROGRAMAS E SERVIÇOS
LLBI;LE BISCUIT;CONSUMO CÍCLICO;PRODUTOS DIVERSOS
MBLY;MOBLY;TECNOLOGIA DA INFORMAÇÃO;PROGRAMAS E SERVIÇOS
MOSI;MOSAICO;TECNOLOGIA DA INFORMAÇÃO;PROGRAMAS E SERVIÇOS
ESPA;ESPACOLASER;CONSUMO CÍCLICO;PRODUTOS DIVERSOS
MLAS;MULTILASER;TECNOLOGIA DA INFORMAÇÃO;COMPUTADORES E EQUIPAMENTOS
OPCT;OCEANPACT;PETRÓLEO, GÁS E BIOCOMBUSTÍVEIS;EQUIPAMENTOS E SERVIÇOS
ONCO;ONCOCLINICAS;SAÚDE;SERVIÇOS MÉDICO - HOSPITALARES, ANÁLISES E DIAGNÓSTICOS
ORVR;ORIZON;UTILIDADE PÚBLICA;ÁGUA E SANEAMENTO
RECV;PETRORECSA;PETRÓLEO, GÁS E BIOCOMBUSTÍVEIS;EXPLORAÇÃO, REFINO E DISTRIBUIÇÃO
RAIZ;RAIZEN;CONSUMO NÃO CÍCLICO;AGRICULTURA
RBNS;RODOBENS;BENS INDUSTRIAIS;MATERIAL DE TRANSPORTE
TRAD;TC;TECNOLOGIA DA INFORMAÇÃO;PROGRAMAS E SERVIÇOS
TEGA;TEGRA INCORP;CONSUMO CÍCLICO;INCORPORAÇÕES
LAND;TERRASANTAPA;CONSUMO NÃO CÍCLICO;AGRICULTURA
TTEN;3TENTOS;CONSUMO NÃO CÍCLICO;AGRICULTURA
FIQE;UNIFIQUE;COMUNICAÇÕES;TELECOMUNICAÇÕES
WEST;WESTWING;TECNOLOGIA DA INFORMAÇÃO;PROGRAMAS E SERVIÇOS
